hour,origin,dest,count
0,0,0,13
0,0,1,9
0,0,2,12
0,0,3,13
0,0,4,10
0,0,5,7
0,0,6,8
0,0,7,14
0,0,8,9
0,0,9,7
0,1,0,20
0,1,1,28
0,1,2,46
0,1,3,25
0,1,4,21
0,1,5,13
0,1,6,27
0,1,7,39
0,1,8,10
0,1,9,1
0,2,0,31
0,2,1,30
0,2,2,61
0,2,3,63
0,2,4,37
0,2,5,24
0,2,6,54
0,2,7,38
0,2,8,17
0,2,9,17
0,3,0,39
0,3,1,12
0,3,2,42
0,3,3,32
0,3,4,39
0,3,5,10
0,3,6,50
0,3,7,35
0,3,8,13
0,3,9,15
0,4,0,10
0,4,1,16
0,4,2,37
0,4,3,22
0,4,4,32
0,4,5,7
0,4,6,22
0,4,7,19
0,4,8,7
0,4,9,6
0,5,0,9
0,5,1,11
0,5,2,11
0,5,3,9
0,5,4,4
0,5,5,18
0,5,6,5
0,5,7,12
0,5,8,4
0,5,9,4
0,6,0,32
0,6,1,30
0,6,2,54
0,6,3,34
0,6,4,35
0,6,5,17
0,6,6,45
0,6,7,35
0,6,8,10
0,6,9,5
0,7,0,15
0,7,1,12
0,7,2,19
0,7,3,14
0,7,4,10
0,7,5,5
0,7,6,9
0,7,7,24
0,7,8,5
0,7,9,8
0,8,0,10
0,8,1,7
0,8,2,26
0,8,3,23
0,8,4,14
0,8,5,7
0,8,6,13
0,8,7,9
0,8,8,5
0,8,9,4
0,9,0,3
0,9,1,3
0,9,2,5
0,9,3,6
0,9,4,10
0,9,5,6
0,9,6,3
0,9,7,7
0,9,8,2
0,9,9,4
1,0,0,2
1,0,1,5
1,0,2,7
1,0,3,14
1,0,4,3
1,0,5,3
1,0,6,6
1,0,7,2
1,0,8,2
1,0,9,6
1,1,0,5
1,1,1,8
1,1,2,13
1,1,3,14
1,1,4,9
1,1,5,8
1,1,6,18
1,1,7,10
1,1,8,6
1,1,9,5
1,2,0,10
1,2,1,18
1,2,2,36
1,2,3,25
1,2,4,25
1,2,5,10
1,2,6,28
1,2,7,22
1,2,8,10
1,2,9,4
1,3,0,24
1,3,1,7
1,3,2,21
1,3,3,31
1,3,4,26
1,3,5,15
1,3,6,23
1,3,7,18
1,3,8,12
1,3,9,11
1,4,0,10
1,4,1,7
1,4,2,23
1,4,3,17
1,4,4,11
1,4,5,9
1,4,6,21
1,4,7,12
1,4,8,3
1,4,9,4
1,5,0,4
1,5,1,2
1,5,2,5
1,5,3,11
1,5,4,8
1,5,5,2
1,5,6,4
1,5,7,5
1,5,8,0
1,5,9,2
1,6,0,12
1,6,1,3
1,6,2,34
1,6,3,26
1,6,4,17
1,6,5,5
1,6,6,23
1,6,7,20
1,6,8,9
1,6,9,7
1,7,0,8
1,7,1,4
1,7,2,12
1,7,3,8
1,7,4,5
1,7,5,6
1,7,6,11
1,7,7,13
1,7,8,3
1,7,9,6
1,8,0,7
1,8,1,6
1,8,2,14
1,8,3,9
1,8,4,6
1,8,5,7
1,8,6,15
1,8,7,8
1,8,8,10
1,8,9,3
1,9,0,1
1,9,1,2
1,9,2,3
1,9,3,2
1,9,4,2
1,9,5,0
1,9,6,1
1,9,7,4
1,9,8,1
1,9,9,4
2,0,0,5
2,0,1,2
2,0,2,3
2,0,3,1
2,0,4,1
2,0,5,2
2,0,6,1
2,0,7,3
2,0,8,0
2,0,9,0
2,1,0,4
2,1,1,13
2,1,2,11
2,1,3,6
2,1,4,5
2,1,5,5
2,1,6,11
2,1,7,8
2,1,8,2
2,1,9,0
2,2,0,10
2,2,1,10
2,2,2,21
2,2,3,14
2,2,4,12
2,2,5,7
2,2,6,16
2,2,7,13
2,2,8,3
2,2,9,3
2,3,0,9
2,3,1,6
2,3,2,23
2,3,3,19
2,3,4,13
2,3,5,6
2,3,6,21
2,3,7,12
2,3,8,6
2,3,9,5
2,4,0,9
2,4,1,3
2,4,2,16
2,4,3,9
2,4,4,5
2,4,5,5
2,4,6,9
2,4,7,3
2,4,8,3
2,4,9,2
2,5,0,1
2,5,1,3
2,5,2,2
2,5,3,5
2,5,4,1
2,5,5,1
2,5,6,2
2,5,7,3
2,5,8,1
2,5,9,0
2,6,0,6
2,6,1,10
2,6,2,13
2,6,3,18
2,6,4,11
2,6,5,5
2,6,6,11
2,6,7,9
2,6,8,3
2,6,9,2
2,7,0,2
2,7,1,7
2,7,2,9
2,7,3,7
2,7,4,5
2,7,5,3
2,7,6,8
2,7,7,12
2,7,8,5
2,7,9,4
2,8,0,7
2,8,1,4
2,8,2,9
2,8,3,4
2,8,4,5
2,8,5,3
2,8,6,2
2,8,7,3
2,8,8,4
2,8,9,2
2,9,0,1
2,9,1,0
2,9,2,0
2,9,3,0
2,9,4,0
2,9,5,1
2,9,6,0
2,9,7,0
2,9,8,0
2,9,9,0
3,0,0,2
3,0,1,1
3,0,2,0
3,0,3,4
3,0,4,1
3,0,5,2
3,0,6,6
3,0,7,1
3,0,8,3
3,0,9,1
3,1,0,3
3,1,1,4
3,1,2,5
3,1,3,7
3,1,4,4
3,1,5,5
3,1,6,5
3,1,7,6
3,1,8,0
3,1,9,0
3,2,0,5
3,2,1,4
3,2,2,13
3,2,3,9
3,2,4,7
3,2,5,3
3,2,6,12
3,2,7,10
3,2,8,7
3,2,9,1
3,3,0,6
3,3,1,3
3,3,2,15
3,3,3,10
3,3,4,4
3,3,5,2
3,3,6,20
3,3,7,3
3,3,8,1
3,3,9,0
3,4,0,3
3,4,1,3
3,4,2,6
3,4,3,7
3,4,4,11
3,4,5,2
3,4,6,9
3,4,7,2
3,4,8,0
3,4,9,2
3,5,0,1
3,5,1,0
3,5,2,2
3,5,3,3
3,5,4,2
3,5,5,1
3,5,6,1
3,5,7,4
3,5,8,2
3,5,9,3
3,6,0,3
3,6,1,4
3,6,2,10
3,6,3,9
3,6,4,5
3,6,5,5
3,6,6,5
3,6,7,9
3,6,8,0
3,6,9,2
3,7,0,1
3,7,1,5
3,7,2,6
3,7,3,6
3,7,4,0
3,7,5,0
3,7,6,5
3,7,7,9
3,7,8,2
3,7,9,5
3,8,0,3
3,8,1,4
3,8,2,5
3,8,3,6
3,8,4,2
3,8,5,2
3,8,6,3
3,8,7,1
3,8,8,1
3,8,9,2
3,9,0,1
3,9,1,1
3,9,2,1
3,9,3,0
3,9,4,2
3,9,5,0
3,9,6,1
3,9,7,0
3,9,8,1
3,9,9,0
4,0,0,1
4,0,1,3
4,0,2,6
4,0,3,2
4,0,4,2
4,0,5,3
4,0,6,2
4,0,7,6
4,0,8,1
4,0,9,1
4,1,0,2
4,1,1,4
4,1,2,5
4,1,3,4
4,1,4,2
4,1,5,3
4,1,6,3
4,1,7,6
4,1,8,0
4,1,9,0
4,2,0,2
4,2,1,10
4,2,2,14
4,2,3,3
4,2,4,3
4,2,5,1
4,2,6,11
4,2,7,7
4,2,8,2
4,2,9,1
4,3,0,5
4,3,1,11
4,3,2,8
4,3,3,13
4,3,4,13
4,3,5,3
4,3,6,12
4,3,7,3
4,3,8,5
4,3,9,2
4,4,0,2
4,4,1,3
4,4,2,10
4,4,3,8
4,4,4,3
4,4,5,0
4,4,6,6
4,4,7,9
4,4,8,1
4,4,9,0
4,5,0,1
4,5,1,2
4,5,2,2
4,5,3,2
4,5,4,2
4,5,5,4
4,5,6,0
4,5,7,0
4,5,8,2
4,5,9,1
4,6,0,4
4,6,1,13
4,6,2,9
4,6,3,12
4,6,4,4
4,6,5,3
4,6,6,9
4,6,7,10
4,6,8,2
4,6,9,1
4,7,0,2
4,7,1,8
4,7,2,17
4,7,3,9
4,7,4,4
4,7,5,2
4,7,6,9
4,7,7,8
4,7,8,3
4,7,9,1
4,8,0,1
4,8,1,2
4,8,2,5
4,8,3,3
4,8,4,3
4,8,5,3
4,8,6,4
4,8,7,1
4,8,8,2
4,8,9,2
4,9,0,1
4,9,1,1
4,9,2,0
4,9,3,2
4,9,4,1
4,9,5,1
4,9,6,0
4,9,7,2
4,9,8,1
4,9,9,1
5,0,0,9
5,0,1,14
5,0,2,10
5,0,3,13
5,0,4,6
5,0,5,6
5,0,6,17
5,0,7,9
5,0,8,7
5,0,9,3
5,1,0,6
5,1,1,28
5,1,2,26
5,1,3,14
5,1,4,4
5,1,5,3
5,1,6,13
5,1,7,8
5,1,8,5
5,1,9,1
5,2,0,6
5,2,1,19
5,2,2,37
5,2,3,28
5,2,4,13
5,2,5,8
5,2,6,23
5,2,7,20
5,2,8,8
5,2,9,6
5,3,0,10
5,3,1,22
5,3,2,28
5,3,3,14
5,3,4,7
5,3,5,1
5,3,6,7
5,3,7,12
5,3,8,4
5,3,9,4
5,4,0,1
5,4,1,12
5,4,2,13
5,4,3,18
5,4,4,5
5,4,5,2
5,4,6,16
5,4,7,7
5,4,8,5
5,4,9,5
5,5,0,0
5,5,1,6
5,5,2,5
5,5,3,3
5,5,4,3
5,5,5,4
5,5,6,8
5,5,7,6
5,5,8,1
5,5,9,3
5,6,0,7
5,6,1,81
5,6,2,89
5,6,3,37
5,6,4,18
5,6,5,5
5,6,6,28
5,6,7,38
5,6,8,20
5,6,9,1
5,7,0,9
5,7,1,69
5,7,2,50
5,7,3,38
5,7,4,15
5,7,5,8
5,7,6,27
5,7,7,52
5,7,8,14
5,7,9,3
5,8,0,5
5,8,1,14
5,8,2,14
5,8,3,11
5,8,4,1
5,8,5,0
5,8,6,5
5,8,7,15
5,8,8,11
5,8,9,0
5,9,0,3
5,9,1,5
5,9,2,7
5,9,3,7
5,9,4,2
5,9,5,4
5,9,6,5
5,9,7,12
5,9,8,4
5,9,9,5
6,0,0,19
6,0,1,40
6,0,2,52
6,0,3,33
6,0,4,15
6,0,5,7
6,0,6,35
6,0,7,34
6,0,8,11
6,0,9,8
6,1,0,10
6,1,1,86
6,1,2,118
6,1,3,61
6,1,4,21
6,1,5,12
6,1,6,39
6,1,7,51
6,1,8,25
6,1,9,3
6,2,0,33
6,2,1,89
6,2,2,104
6,2,3,68
6,2,4,42
6,2,5,29
6,2,6,53
6,2,7,41
6,2,8,26
6,2,9,7
6,3,0,21
6,3,1,90
6,3,2,87
6,3,3,73
6,3,4,46
6,3,5,12
6,3,6,48
6,3,7,28
6,3,8,19
6,3,9,11
6,4,0,17
6,4,1,64
6,4,2,70
6,4,3,39
6,4,4,30
6,4,5,12
6,4,6,45
6,4,7,34
6,4,8,12
6,4,9,7
6,5,0,5
6,5,1,31
6,5,2,29
6,5,3,14
6,5,4,6
6,5,5,8
6,5,6,19
6,5,7,16
6,5,8,7
6,5,9,2
6,6,0,33
6,6,1,220
6,6,2,196
6,6,3,93
6,6,4,49
6,6,5,30
6,6,6,105
6,6,7,70
6,6,8,28
6,6,9,12
6,7,0,52
6,7,1,262
6,7,2,234
6,7,3,124
6,7,4,76
6,7,5,29
6,7,6,124
6,7,7,99
6,7,8,56
6,7,9,20
6,8,0,6
6,8,1,53
6,8,2,40
6,8,3,12
6,8,4,7
6,8,5,5
6,8,6,16
6,8,7,40
6,8,8,22
6,8,9,4
6,9,0,14
6,9,1,28
6,9,2,23
6,9,3,24
6,9,4,12
6,9,5,12
6,9,6,17
6,9,7,19
6,9,8,7
6,9,9,10
7,0,0,30
7,0,1,102
7,0,2,115
7,0,3,86
7,0,4,44
7,0,5,30
7,0,6,74
7,0,7,67
7,0,8,20
7,0,9,33
7,1,0,29
7,1,1,220
7,1,2,185
7,1,3,119
7,1,4,41
7,1,5,34
7,1,6,109
7,1,7,100
7,1,8,67
7,1,9,12
7,2,0,52
7,2,1,165
7,2,2,205
7,2,3,270
7,2,4,70
7,2,5,51
7,2,6,155
7,2,7,138
7,2,8,67
7,2,9,17
7,3,0,57
7,3,1,154
7,3,2,158
7,3,3,174
7,3,4,80
7,3,5,35
7,3,6,99
7,3,7,93
7,3,8,42
7,3,9,41
7,4,0,33
7,4,1,88
7,4,2,113
7,4,3,92
7,4,4,60
7,4,5,25
7,4,6,75
7,4,7,49
7,4,8,13
7,4,9,27
7,5,0,22
7,5,1,51
7,5,2,70
7,5,3,39
7,5,4,22
7,5,5,15
7,5,6,28
7,5,7,31
7,5,8,17
7,5,9,7
7,6,0,59
7,6,1,332
7,6,2,273
7,6,3,161
7,6,4,89
7,6,5,46
7,6,6,161
7,6,7,127
7,6,8,51
7,6,9,22
7,7,0,93
7,7,1,326
7,7,2,323
7,7,3,188
7,7,4,75
7,7,5,73
7,7,6,202
7,7,7,232
7,7,8,110
7,7,9,75
7,8,0,14
7,8,1,114
7,8,2,145
7,8,3,58
7,8,4,26
7,8,5,10
7,8,6,59
7,8,7,157
7,8,8,65
7,8,9,31
7,9,0,37
7,9,1,42
7,9,2,57
7,9,3,48
7,9,4,23
7,9,5,24
7,9,6,26
7,9,7,57
7,9,8,26
7,9,9,20
8,0,0,59
8,0,1,92
8,0,2,102
8,0,3,151
8,0,4,55
8,0,5,48
8,0,6,93
8,0,7,62
8,0,8,39
8,0,9,69
8,1,0,41
8,1,1,247
8,1,2,223
8,1,3,159
8,1,4,55
8,1,5,95
8,1,6,126
8,1,7,118
8,1,8,96
8,1,9,18
8,2,0,58
8,2,1,208
8,2,2,237
8,2,3,419
8,2,4,72
8,2,5,77
8,2,6,173
8,2,7,154
8,2,8,96
8,2,9,32
8,3,0,95
8,3,1,157
8,3,2,178
8,3,3,282
8,3,4,115
8,3,5,72
8,3,6,158
8,3,7,82
8,3,8,72
8,3,9,60
8,4,0,76
8,4,1,100
8,4,2,107
8,4,3,192
8,4,4,85
8,4,5,32
8,4,6,120
8,4,7,58
8,4,8,29
8,4,9,45
8,5,0,33
8,5,1,61
8,5,2,67
8,5,3,71
8,5,4,34
8,5,5,50
8,5,6,56
8,5,7,32
8,5,8,24
8,5,9,21
8,6,0,60
8,6,1,252
8,6,2,220
8,6,3,234
8,6,4,110
8,6,5,87
8,6,6,261
8,6,7,124
8,6,8,60
8,6,9,28
8,7,0,96
8,7,1,313
8,7,2,299
8,7,3,249
8,7,4,99
8,7,5,96
8,7,6,215
8,7,7,324
8,7,8,172
8,7,9,94
8,8,0,23
8,8,1,177
8,8,2,150
8,8,3,82
8,8,4,38
8,8,5,27
8,8,6,58
8,8,7,177
8,8,8,119
8,8,9,21
8,9,0,78
8,9,1,33
8,9,2,59
8,9,3,77
8,9,4,46
8,9,5,38
8,9,6,29
8,9,7,65
8,9,8,23
8,9,9,36
9,0,0,53
9,0,1,61
9,0,2,78
9,0,3,114
9,0,4,54
9,0,5,46
9,0,6,89
9,0,7,67
9,0,8,54
9,0,9,51
9,1,0,38
9,1,1,203
9,1,2,206
9,1,3,149
9,1,4,50
9,1,5,64
9,1,6,131
9,1,7,145
9,1,8,108
9,1,9,14
9,2,0,42
9,2,1,164
9,2,2,208
9,2,3,331
9,2,4,85
9,2,5,80
9,2,6,192
9,2,7,151
9,2,8,99
9,2,9,39
9,3,0,69
9,3,1,131
9,3,2,172
9,3,3,261
9,3,4,81
9,3,5,73
9,3,6,160
9,3,7,93
9,3,8,62
9,3,9,55
9,4,0,50
9,4,1,88
9,4,2,76
9,4,3,157
9,4,4,66
9,4,5,37
9,4,6,112
9,4,7,55
9,4,8,44
9,4,9,33
9,5,0,24
9,5,1,55
9,5,2,46
9,5,3,54
9,5,4,41
9,5,5,47
9,5,6,43
9,5,7,25
9,5,8,12
9,5,9,23
9,6,0,71
9,6,1,218
9,6,2,189
9,6,3,193
9,6,4,100
9,6,5,97
9,6,6,236
9,6,7,130
9,6,8,63
9,6,9,32
9,7,0,89
9,7,1,240
9,7,2,304
9,7,3,219
9,7,4,101
9,7,5,106
9,7,6,225
9,7,7,259
9,7,8,178
9,7,9,71
9,8,0,34
9,8,1,147
9,8,2,144
9,8,3,74
9,8,4,28
9,8,5,26
9,8,6,88
9,8,7,142
9,8,8,116
9,8,9,14
9,9,0,56
9,9,1,30
9,9,2,44
9,9,3,71
9,9,4,23
9,9,5,17
9,9,6,40
9,9,7,67
9,9,8,35
9,9,9,30
10,0,0,60
10,0,1,57
10,0,2,48
10,0,3,99
10,0,4,46
10,0,5,25
10,0,6,78
10,0,7,70
10,0,8,36
10,0,9,45
10,1,0,38
10,1,1,205
10,1,2,162
10,1,3,122
10,1,4,51
10,1,5,55
10,1,6,123
10,1,7,118
10,1,8,115
10,1,9,14
10,2,0,52
10,2,1,153
10,2,2,188
10,2,3,250
10,2,4,55
10,2,5,59
10,2,6,139
10,2,7,159
10,2,8,107
10,2,9,25
10,3,0,77
10,3,1,135
10,3,2,171
10,3,3,185
10,3,4,94
10,3,5,59
10,3,6,137
10,3,7,123
10,3,8,93
10,3,9,61
10,4,0,45
10,4,1,57
10,4,2,78
10,4,3,132
10,4,4,61
10,4,5,23
10,4,6,75
10,4,7,41
10,4,8,33
10,4,9,49
10,5,0,18
10,5,1,44
10,5,2,44
10,5,3,52
10,5,4,35
10,5,5,24
10,5,6,34
10,5,7,30
10,5,8,20
10,5,9,16
10,6,0,67
10,6,1,168
10,6,2,148
10,6,3,221
10,6,4,81
10,6,5,53
10,6,6,184
10,6,7,141
10,6,8,78
10,6,9,29
10,7,0,95
10,7,1,200
10,7,2,244
10,7,3,181
10,7,4,85
10,7,5,71
10,7,6,179
10,7,7,246
10,7,8,209
10,7,9,83
10,8,0,25
10,8,1,116
10,8,2,129
10,8,3,90
10,8,4,27
10,8,5,29
10,8,6,54
10,8,7,162
10,8,8,116
10,8,9,24
10,9,0,36
10,9,1,19
10,9,2,33
10,9,3,51
10,9,4,29
10,9,5,18
10,9,6,24
10,9,7,66
10,9,8,29
10,9,9,29
11,0,0,69
11,0,1,43
11,0,2,58
11,0,3,95
11,0,4,48
11,0,5,35
11,0,6,68
11,0,7,80
11,0,8,38
11,0,9,46
11,1,0,37
11,1,1,182
11,1,2,151
11,1,3,129
11,1,4,70
11,1,5,42
11,1,6,159
11,1,7,130
11,1,8,134
11,1,9,19
11,2,0,43
11,2,1,173
11,2,2,176
11,2,3,232
11,2,4,56
11,2,5,52
11,2,6,156
11,2,7,158
11,2,8,100
11,2,9,20
11,3,0,77
11,3,1,146
11,3,2,161
11,3,3,224
11,3,4,96
11,3,5,41
11,3,6,163
11,3,7,148
11,3,8,96
11,3,9,62
11,4,0,49
11,4,1,58
11,4,2,61
11,4,3,105
11,4,4,44
11,4,5,25
11,4,6,96
11,4,7,55
11,4,8,30
11,4,9,41
11,5,0,17
11,5,1,37
11,5,2,44
11,5,3,46
11,5,4,26
11,5,5,29
11,5,6,36
11,5,7,36
11,5,8,16
11,5,9,21
11,6,0,58
11,6,1,173
11,6,2,151
11,6,3,165
11,6,4,81
11,6,5,49
11,6,6,178
11,6,7,149
11,6,8,76
11,6,9,28
11,7,0,82
11,7,1,190
11,7,2,185
11,7,3,157
11,7,4,75
11,7,5,64
11,7,6,182
11,7,7,273
11,7,8,213
11,7,9,82
11,8,0,34
11,8,1,112
11,8,2,98
11,8,3,90
11,8,4,28
11,8,5,16
11,8,6,64
11,8,7,188
11,8,8,129
11,8,9,21
11,9,0,46
11,9,1,17
11,9,2,35
11,9,3,41
11,9,4,29
11,9,5,19
11,9,6,20
11,9,7,56
11,9,8,23
11,9,9,35
12,0,0,65
12,0,1,32
12,0,2,62
12,0,3,110
12,0,4,42
12,0,5,36
12,0,6,40
12,0,7,68
12,0,8,37
12,0,9,53
12,1,0,46
12,1,1,189
12,1,2,162
12,1,3,109
12,1,4,65
12,1,5,52
12,1,6,162
12,1,7,157
12,1,8,146
12,1,9,23
12,2,0,49
12,2,1,195
12,2,2,211
12,2,3,214
12,2,4,77
12,2,5,59
12,2,6,165
12,2,7,165
12,2,8,123
12,2,9,29
12,3,0,100
12,3,1,142
12,3,2,202
12,3,3,258
12,3,4,126
12,3,5,44
12,3,6,178
12,3,7,161
12,3,8,95
12,3,9,61
12,4,0,68
12,4,1,58
12,4,2,72
12,4,3,127
12,4,4,57
12,4,5,26
12,4,6,107
12,4,7,66
12,4,8,30
12,4,9,33
12,5,0,34
12,5,1,41
12,5,2,51
12,5,3,60
12,5,4,39
12,5,5,28
12,5,6,43
12,5,7,35
12,5,8,20
12,5,9,20
12,6,0,50
12,6,1,174
12,6,2,141
12,6,3,172
12,6,4,64
12,6,5,39
12,6,6,179
12,6,7,165
12,6,8,84
12,6,9,38
12,7,0,81
12,7,1,168
12,7,2,200
12,7,3,184
12,7,4,76
12,7,5,64
12,7,6,192
12,7,7,301
12,7,8,201
12,7,9,75
12,8,0,38
12,8,1,112
12,8,2,103
12,8,3,91
12,8,4,41
12,8,5,20
12,8,6,79
12,8,7,209
12,8,8,145
12,8,9,30
12,9,0,58
12,9,1,18
12,9,2,29
12,9,3,75
12,9,4,27
12,9,5,17
12,9,6,31
12,9,7,82
12,9,8,22
12,9,9,42
13,0,0,61
13,0,1,47
13,0,2,49
13,0,3,87
13,0,4,41
13,0,5,29
13,0,6,59
13,0,7,89
13,0,8,32
13,0,9,56
13,1,0,34
13,1,1,163
13,1,2,187
13,1,3,105
13,1,4,77
13,1,5,45
13,1,6,168
13,1,7,169
13,1,8,122
13,1,9,21
13,2,0,44
13,2,1,174
13,2,2,200
13,2,3,156
13,2,4,63
13,2,5,50
13,2,6,154
13,2,7,182
13,2,8,97
13,2,9,36
13,3,0,97
13,3,1,124
13,3,2,212
13,3,3,220
13,3,4,103
13,3,5,70
13,3,6,162
13,3,7,162
13,3,8,95
13,3,9,72
13,4,0,55
13,4,1,53
13,4,2,73
13,4,3,102
13,4,4,41
13,4,5,31
13,4,6,107
13,4,7,62
13,4,8,30
13,4,9,34
13,5,0,21
13,5,1,36
13,5,2,43
13,5,3,44
13,5,4,32
13,5,5,25
13,5,6,38
13,5,7,50
13,5,8,29
13,5,9,19
13,6,0,61
13,6,1,148
13,6,2,160
13,6,3,150
13,6,4,99
13,6,5,39
13,6,6,209
13,6,7,153
13,6,8,80
13,6,9,36
13,7,0,98
13,7,1,147
13,7,2,183
13,7,3,164
13,7,4,54
13,7,5,47
13,7,6,154
13,7,7,263
13,7,8,182
13,7,9,59
13,8,0,36
13,8,1,124
13,8,2,88
13,8,3,88
13,8,4,33
13,8,5,19
13,8,6,73
13,8,7,199
13,8,8,113
13,8,9,10
13,9,0,56
13,9,1,12
13,9,2,36
13,9,3,76
13,9,4,31
13,9,5,22
13,9,6,40
13,9,7,66
13,9,8,23
13,9,9,24
14,0,0,69
14,0,1,30
14,0,2,50
14,0,3,126
14,0,4,67
14,0,5,35
14,0,6,44
14,0,7,97
14,0,8,41
14,0,9,61
14,1,0,48
14,1,1,187
14,1,2,176
14,1,3,103
14,1,4,93
14,1,5,35
14,1,6,171
14,1,7,195
14,1,8,153
14,1,9,29
14,2,0,38
14,2,1,191
14,2,2,197
14,2,3,158
14,2,4,71
14,2,5,64
14,2,6,163
14,2,7,226
14,2,8,130
14,2,9,32
14,3,0,113
14,3,1,137
14,3,2,196
14,3,3,232
14,3,4,145
14,3,5,65
14,3,6,163
14,3,7,168
14,3,8,98
14,3,9,87
14,4,0,65
14,4,1,74
14,4,2,82
14,4,3,104
14,4,4,61
14,4,5,49
14,4,6,101
14,4,7,73
14,4,8,38
14,4,9,36
14,5,0,38
14,5,1,39
14,5,2,46
14,5,3,52
14,5,4,43
14,5,5,38
14,5,6,60
14,5,7,47
14,5,8,18
14,5,9,14
14,6,0,78
14,6,1,173
14,6,2,148
14,6,3,163
14,6,4,103
14,6,5,34
14,6,6,204
14,6,7,201
14,6,8,91
14,6,9,45
14,7,0,81
14,7,1,174
14,7,2,182
14,7,3,135
14,7,4,85
14,7,5,53
14,7,6,189
14,7,7,357
14,7,8,184
14,7,9,97
14,8,0,42
14,8,1,136
14,8,2,104
14,8,3,102
14,8,4,46
14,8,5,29
14,8,6,98
14,8,7,223
14,8,8,131
14,8,9,30
14,9,0,66
14,9,1,19
14,9,2,29
14,9,3,64
14,9,4,42
14,9,5,24
14,9,6,41
14,9,7,85
14,9,8,35
14,9,9,43
15,0,0,78
15,0,1,48
15,0,2,47
15,0,3,139
15,0,4,58
15,0,5,21
15,0,6,64
15,0,7,96
15,0,8,23
15,0,9,79
15,1,0,68
15,1,1,198
15,1,2,168
15,1,3,111
15,1,4,89
15,1,5,43
15,1,6,191
15,1,7,269
15,1,8,160
15,1,9,26
15,2,0,52
15,2,1,153
15,2,2,193
15,2,3,146
15,2,4,77
15,2,5,42
15,2,6,156
15,2,7,236
15,2,8,123
15,2,9,36
15,3,0,121
15,3,1,140
15,3,2,166
15,3,3,223
15,3,4,126
15,3,5,48
15,3,6,158
15,3,7,191
15,3,8,91
15,3,9,74
15,4,0,73
15,4,1,64
15,4,2,64
15,4,3,106
15,4,4,66
15,4,5,38
15,4,6,85
15,4,7,75
15,4,8,31
15,4,9,41
15,5,0,34
15,5,1,37
15,5,2,48
15,5,3,45
15,5,4,28
15,5,5,29
15,5,6,36
15,5,7,67
15,5,8,30
15,5,9,27
15,6,0,75
15,6,1,167
15,6,2,141
15,6,3,164
15,6,4,104
15,6,5,49
15,6,6,210
15,6,7,220
15,6,8,88
15,6,9,49
15,7,0,128
15,7,1,182
15,7,2,244
15,7,3,159
15,7,4,89
15,7,5,50
15,7,6,188
15,7,7,366
15,7,8,238
15,7,9,105
15,8,0,45
15,8,1,134
15,8,2,139
15,8,3,90
15,8,4,35
15,8,5,30
15,8,6,80
15,8,7,231
15,8,8,142
15,8,9,35
15,9,0,72
15,9,1,22
15,9,2,27
15,9,3,73
15,9,4,39
15,9,5,17
15,9,6,26
15,9,7,103
15,9,8,39
15,9,9,44
16,0,0,63
16,0,1,31
16,0,2,48
16,0,3,87
16,0,4,68
16,0,5,25
16,0,6,42
16,0,7,105
16,0,8,28
16,0,9,80
16,1,0,62
16,1,1,159
16,1,2,170
16,1,3,98
16,1,4,62
16,1,5,49
16,1,6,153
16,1,7,194
16,1,8,124
16,1,9,23
16,2,0,44
16,2,1,139
16,2,2,188
16,2,3,122
16,2,4,63
16,2,5,61
16,2,6,182
16,2,7,222
16,2,8,120
16,2,9,29
16,3,0,126
16,3,1,103
16,3,2,137
16,3,3,160
16,3,4,140
16,3,5,42
16,3,6,120
16,3,7,157
16,3,8,77
16,3,9,68
16,4,0,71
16,4,1,57
16,4,2,49
16,4,3,105
16,4,4,60
16,4,5,27
16,4,6,88
16,4,7,70
16,4,8,30
16,4,9,43
16,5,0,23
16,5,1,33
16,5,2,45
16,5,3,47
16,5,4,21
16,5,5,31
16,5,6,38
16,5,7,47
16,5,8,26
16,5,9,21
16,6,0,80
16,6,1,108
16,6,2,145
16,6,3,135
16,6,4,87
16,6,5,51
16,6,6,204
16,6,7,188
16,6,8,88
16,6,9,49
16,7,0,115
16,7,1,126
16,7,2,183
16,7,3,112
16,7,4,62
16,7,5,49
16,7,6,167
16,7,7,353
16,7,8,158
16,7,9,106
16,8,0,38
16,8,1,116
16,8,2,85
16,8,3,85
16,8,4,45
16,8,5,22
16,8,6,79
16,8,7,221
16,8,8,116
16,8,9,30
16,9,0,70
16,9,1,18
16,9,2,23
16,9,3,76
16,9,4,38
16,9,5,27
16,9,6,25
16,9,7,71
16,9,8,29
16,9,9,43
17,0,0,77
17,0,1,43
17,0,2,59
17,0,3,129
17,0,4,61
17,0,5,34
17,0,6,52
17,0,7,107
17,0,8,25
17,0,9,85
17,1,0,63
17,1,1,163
17,1,2,161
17,1,3,105
17,1,4,66
17,1,5,62
17,1,6,156
17,1,7,217
17,1,8,128
17,1,9,27
17,2,0,92
17,2,1,168
17,2,2,212
17,2,3,201
17,2,4,108
17,2,5,63
17,2,6,240
17,2,7,292
17,2,8,121
17,2,9,41
17,3,0,150
17,3,1,115
17,3,2,167
17,3,3,225
17,3,4,155
17,3,5,75
17,3,6,168
17,3,7,213
17,3,8,103
17,3,9,81
17,4,0,78
17,4,1,57
17,4,2,71
17,4,3,115
17,4,4,66
17,4,5,34
17,4,6,117
17,4,7,89
17,4,8,40
17,4,9,46
17,5,0,31
17,5,1,40
17,5,2,59
17,5,3,52
17,5,4,47
17,5,5,33
17,5,6,54
17,5,7,56
17,5,8,26
17,5,9,25
17,6,0,79
17,6,1,138
17,6,2,157
17,6,3,182
17,6,4,113
17,6,5,40
17,6,6,254
17,6,7,247
17,6,8,94
17,6,9,47
17,7,0,122
17,7,1,175
17,7,2,202
17,7,3,195
17,7,4,78
17,7,5,46
17,7,6,182
17,7,7,392
17,7,8,191
17,7,9,112
17,8,0,68
17,8,1,132
17,8,2,129
17,8,3,102
17,8,4,33
17,8,5,26
17,8,6,82
17,8,7,244
17,8,8,122
17,8,9,43
17,9,0,71
17,9,1,11
17,9,2,25
17,9,3,78
17,9,4,43
17,9,5,35
17,9,6,30
17,9,7,87
17,9,8,26
17,9,9,48
18,0,0,84
18,0,1,42
18,0,2,49
18,0,3,134
18,0,4,51
18,0,5,37
18,0,6,58
18,0,7,114
18,0,8,32
18,0,9,94
18,1,0,67
18,1,1,202
18,1,2,198
18,1,3,134
18,1,4,70
18,1,5,60
18,1,6,207
18,1,7,225
18,1,8,134
18,1,9,31
18,2,0,119
18,2,1,211
18,2,2,313
18,2,3,256
18,2,4,150
18,2,5,78
18,2,6,290
18,2,7,358
18,2,8,149
18,2,9,77
18,3,0,182
18,3,1,104
18,3,2,212
18,3,3,244
18,3,4,202
18,3,5,69
18,3,6,173
18,3,7,227
18,3,8,106
18,3,9,115
18,4,0,80
18,4,1,63
18,4,2,83
18,4,3,144
18,4,4,79
18,4,5,43
18,4,6,138
18,4,7,102
18,4,8,45
18,4,9,55
18,5,0,50
18,5,1,54
18,5,2,79
18,5,3,99
18,5,4,43
18,5,5,36
18,5,6,81
18,5,7,72
18,5,8,29
18,5,9,32
18,6,0,134
18,6,1,182
18,6,2,155
18,6,3,232
18,6,4,159
18,6,5,52
18,6,6,280
18,6,7,247
18,6,8,93
18,6,9,57
18,7,0,150
18,7,1,153
18,7,2,217
18,7,3,180
18,7,4,88
18,7,5,61
18,7,6,209
18,7,7,393
18,7,8,178
18,7,9,98
18,8,0,64
18,8,1,109
18,8,2,129
18,8,3,116
18,8,4,50
18,8,5,25
18,8,6,102
18,8,7,229
18,8,8,128
18,8,9,32
18,9,0,88
18,9,1,19
18,9,2,36
18,9,3,87
18,9,4,47
18,9,5,28
18,9,6,39
18,9,7,103
18,9,8,27
18,9,9,55
19,0,0,67
19,0,1,32
19,0,2,40
19,0,3,102
19,0,4,69
19,0,5,29
19,0,6,53
19,0,7,140
19,0,8,37
19,0,9,72
19,1,0,88
19,1,1,172
19,1,2,193
19,1,3,184
19,1,4,106
19,1,5,53
19,1,6,198
19,1,7,270
19,1,8,130
19,1,9,44
19,2,0,104
19,2,1,177
19,2,2,214
19,2,3,238
19,2,4,158
19,2,5,62
19,2,6,256
19,2,7,295
19,2,8,130
19,2,9,72
19,3,0,161
19,3,1,124
19,3,2,177
19,3,3,235
19,3,4,190
19,3,5,47
19,3,6,164
19,3,7,228
19,3,8,90
19,3,9,105
19,4,0,93
19,4,1,64
19,4,2,63
19,4,3,117
19,4,4,82
19,4,5,41
19,4,6,110
19,4,7,95
19,4,8,43
19,4,9,61
19,5,0,64
19,5,1,53
19,5,2,71
19,5,3,74
19,5,4,59
19,5,5,34
19,5,6,58
19,5,7,70
19,5,8,22
19,5,9,34
19,6,0,122
19,6,1,125
19,6,2,150
19,6,3,206
19,6,4,147
19,6,5,74
19,6,6,244
19,6,7,216
19,6,8,94
19,6,9,49
19,7,0,135
19,7,1,131
19,7,2,213
19,7,3,153
19,7,4,93
19,7,5,67
19,7,6,192
19,7,7,269
19,7,8,119
19,7,9,98
19,8,0,57
19,8,1,88
19,8,2,85
19,8,3,101
19,8,4,48
19,8,5,19
19,8,6,96
19,8,7,204
19,8,8,101
19,8,9,36
19,9,0,68
19,9,1,15
19,9,2,29
19,9,3,71
19,9,4,44
19,9,5,26
19,9,6,44
19,9,7,95
19,9,8,29
19,9,9,45
20,0,0,63
20,0,1,36
20,0,2,48
20,0,3,79
20,0,4,43
20,0,5,27
20,0,6,57
20,0,7,96
20,0,8,26
20,0,9,65
20,1,0,100
20,1,1,136
20,1,2,157
20,1,3,156
20,1,4,116
20,1,5,58
20,1,6,199
20,1,7,236
20,1,8,105
20,1,9,49
20,2,0,136
20,2,1,152
20,2,2,207
20,2,3,227
20,2,4,168
20,2,5,69
20,2,6,221
20,2,7,309
20,2,8,101
20,2,9,82
20,3,0,139
20,3,1,103
20,3,2,163
20,3,3,238
20,3,4,158
20,3,5,69
20,3,6,147
20,3,7,208
20,3,8,91
20,3,9,99
20,4,0,89
20,4,1,47
20,4,2,77
20,4,3,154
20,4,4,86
20,4,5,32
20,4,6,118
20,4,7,110
20,4,8,27
20,4,9,40
20,5,0,53
20,5,1,41
20,5,2,33
20,5,3,75
20,5,4,48
20,5,5,30
20,5,6,50
20,5,7,48
20,5,8,27
20,5,9,17
20,6,0,124
20,6,1,141
20,6,2,164
20,6,3,224
20,6,4,122
20,6,5,68
20,6,6,225
20,6,7,225
20,6,8,64
20,6,9,43
20,7,0,103
20,7,1,114
20,7,2,183
20,7,3,151
20,7,4,94
20,7,5,46
20,7,6,173
20,7,7,239
20,7,8,110
20,7,9,79
20,8,0,43
20,8,1,71
20,8,2,76
20,8,3,81
20,8,4,49
20,8,5,26
20,8,6,69
20,8,7,189
20,8,8,60
20,8,9,29
20,9,0,48
20,9,1,12
20,9,2,25
20,9,3,64
20,9,4,37
20,9,5,18
20,9,6,30
20,9,7,70
20,9,8,18
20,9,9,34
21,0,0,47
21,0,1,31
21,0,2,59
21,0,3,80
21,0,4,45
21,0,5,33
21,0,6,38
21,0,7,93
21,0,8,17
21,0,9,54
21,1,0,87
21,1,1,137
21,1,2,142
21,1,3,150
21,1,4,102
21,1,5,75
21,1,6,170
21,1,7,237
21,1,8,94
21,1,9,44
21,2,0,150
21,2,1,173
21,2,2,243
21,2,3,267
21,2,4,183
21,2,5,99
21,2,6,245
21,2,7,293
21,2,8,90
21,2,9,75
21,3,0,167
21,3,1,133
21,3,2,169
21,3,3,180
21,3,4,149
21,3,5,48
21,3,6,173
21,3,7,209
21,3,8,75
21,3,9,95
21,4,0,79
21,4,1,79
21,4,2,85
21,4,3,145
21,4,4,79
21,4,5,47
21,4,6,127
21,4,7,86
21,4,8,44
21,4,9,41
21,5,0,25
21,5,1,41
21,5,2,67
21,5,3,74
21,5,4,44
21,5,5,20
21,5,6,50
21,5,7,78
21,5,8,24
21,5,9,17
21,6,0,96
21,6,1,129
21,6,2,154
21,6,3,161
21,6,4,115
21,6,5,58
21,6,6,159
21,6,7,182
21,6,8,65
21,6,9,34
21,7,0,126
21,7,1,134
21,7,2,173
21,7,3,151
21,7,4,81
21,7,5,50
21,7,6,142
21,7,7,177
21,7,8,98
21,7,9,66
21,8,0,43
21,8,1,53
21,8,2,87
21,8,3,82
21,8,4,55
21,8,5,25
21,8,6,71
21,8,7,145
21,8,8,59
21,8,9,30
21,9,0,28
21,9,1,15
21,9,2,34
21,9,3,49
21,9,4,30
21,9,5,22
21,9,6,36
21,9,7,56
21,9,8,12
21,9,9,27
22,0,0,32
22,0,1,23
22,0,2,40
22,0,3,44
22,0,4,29
22,0,5,19
22,0,6,40
22,0,7,50
22,0,8,17
22,0,9,39
22,1,0,83
22,1,1,111
22,1,2,120
22,1,3,111
22,1,4,77
22,1,5,58
22,1,6,123
22,1,7,176
22,1,8,58
22,1,9,28
22,2,0,90
22,2,1,129
22,2,2,153
22,2,3,174
22,2,4,135
22,2,5,74
22,2,6,199
22,2,7,223
22,2,8,80
22,2,9,46
22,3,0,121
22,3,1,79
22,3,2,135
22,3,3,164
22,3,4,161
22,3,5,48
22,3,6,144
22,3,7,153
22,3,8,78
22,3,9,71
22,4,0,55
22,4,1,66
22,4,2,78
22,4,3,122
22,4,4,61
22,4,5,43
22,4,6,92
22,4,7,74
22,4,8,30
22,4,9,42
22,5,0,35
22,5,1,30
22,5,2,34
22,5,3,49
22,5,4,35
22,5,5,29
22,5,6,45
22,5,7,40
22,5,8,15
22,5,9,12
22,6,0,86
22,6,1,100
22,6,2,116
22,6,3,156
22,6,4,100
22,6,5,53
22,6,6,153
22,6,7,140
22,6,8,44
22,6,9,33
22,7,0,91
22,7,1,68
22,7,2,108
22,7,3,83
22,7,4,55
22,7,5,46
22,7,6,114
22,7,7,109
22,7,8,49
22,7,9,35
22,8,0,42
22,8,1,44
22,8,2,70
22,8,3,67
22,8,4,37
22,8,5,16
22,8,6,58
22,8,7,102
22,8,8,44
22,8,9,22
22,9,0,25
22,9,1,9
22,9,2,20
22,9,3,42
22,9,4,26
22,9,5,20
22,9,6,31
22,9,7,38
22,9,8,12
22,9,9,16
23,0,0,23
23,0,1,11
23,0,2,24
23,0,3,41
23,0,4,20
23,0,5,7
23,0,6,31
23,0,7,29
23,0,8,14
23,0,9,11
23,1,0,40
23,1,1,49
23,1,2,62
23,1,3,48
23,1,4,38
23,1,5,28
23,1,6,59
23,1,7,78
23,1,8,23
23,1,9,14
23,2,0,53
23,2,1,59
23,2,2,84
23,2,3,113
23,2,4,83
23,2,5,42
23,2,6,95
23,2,7,109
23,2,8,42
23,2,9,24
23,3,0,97
23,3,1,66
23,3,2,90
23,3,3,127
23,3,4,82
23,3,5,48
23,3,6,88
23,3,7,128
23,3,8,37
23,3,9,39
23,4,0,41
23,4,1,28
23,4,2,61
23,4,3,74
23,4,4,53
23,4,5,25
23,4,6,55
23,4,7,48
23,4,8,24
23,4,9,20
23,5,0,15
23,5,1,15
23,5,2,22
23,5,3,32
23,5,4,16
23,5,5,18
23,5,6,37
23,5,7,23
23,5,8,6
23,5,9,7
23,6,0,63
23,6,1,58
23,6,2,91
23,6,3,89
23,6,4,63
23,6,5,46
23,6,6,90
23,6,7,81
23,6,8,42
23,6,9,12
23,7,0,32
23,7,1,23
23,7,2,52
23,7,3,43
23,7,4,42
23,7,5,19
23,7,6,60
23,7,7,53
23,7,8,20
23,7,9,22
23,8,0,17
23,8,1,15
23,8,2,31
23,8,3,31
23,8,4,29
23,8,5,14
23,8,6,40
23,8,7,54
23,8,8,23
23,8,9,13
23,9,0,9
23,9,1,2
23,9,2,9
23,9,3,17
23,9,4,26
23,9,5,6
23,9,6,11
23,9,7,17
23,9,8,4
23,9,9,13
